{"Orange": {"avg": 51.62417061611374, "min": 5.0, "max": 99.78}, "Pineapple": {"avg": 52.66270531400963, "min": 5.05, "max": 99.88}, "Raspberry": {"avg": 51.29561320754722, "min": 5.05, "max": 99.99}, "Plum": {"avg": 53.15510869565221, "min": 5.13, "max": 99.91}, "Apricot": {"avg": 52.91352808988769, "min": 5.34, "max": 99.86}, "Cherry": {"avg": 51.01204210526319, "min": 5.18, "max": 99.77}, "Grapes": {"avg": 53.577651162790694, "min": 5.05, "max": 100.0}, "Papaya": {"avg": 51.96409090909089, "min": 5.12, "max": 99.97}, "Mango": {"avg": 52.09776053215074, "min": 5.06, "max": 99.88}, "Cranberry": {"avg": 51.41417777777774, "min": 5.18, "max": 99.84}, "Apple": {"avg": 51.364210526315794, "min": 5.31, "max": 99.96}, "Blueberry": {"avg": 53.181447661469896, "min": 5.01, "max": 99.48}, "Peach": {"avg": 51.27827664399099, "min": 5.19, "max": 100.0}, "Strawberry": {"avg": 53.43586206896551, "min": 5.51, "max": 99.94}, "Guava": {"avg": 52.956705336426886, "min": 5.06, "max": 99.9}, "Boysenberry": {"avg": 50.043954022988494, "min": 5.59, "max": 99.81}, "Kiwifruit": {"avg": 51.76138321995457, "min": 5.49, "max": 99.24}, "Banana": {"avg": 54.25676399026768, "min": 5.04, "max": 99.72}, "Melon": {"avg": 50.18781181619258, "min": 5.17, "max": 99.95}, "Blackberry": {"avg": 54.34813333333332, "min": 5.31, "max": 99.87}}