{"Orange": {"avg": 66.99845889002736, "min": 5.0, "max": 99.78}, "Pineapple": {"avg": 66.57474571292745, "min": 5.05, "max": 99.88}, "Raspberry": {"avg": 42.08167187889139, "min": 5.05, "max": 99.99}, "Plum": {"avg": 23.335130774256257, "min": 5.13, "max": 99.91}, "Apricot": {"avg": 55.22989797881877, "min": 5.34, "max": 99.86}, "Cherry": {"avg": 39.39722465473382, "min": 5.18, "max": 99.77}, "Grapes": {"avg": 57.90221270847674, "min": 5.05, "max": 100.0}, "Papaya": {"avg": 55.065476697537356, "min": 5.12, "max": 99.97}, "Mango": {"avg": 32.226865916795404, "min": 5.06, "max": 99.88}, "Cranberry": {"avg": 41.43405880351524, "min": 5.18, "max": 99.84}, "Apple": {"avg": 59.138656675014275, "min": 5.31, "max": 99.96}, "Blueberry": {"avg": 57.34136356955778, "min": 5.01, "max": 99.48}, "Peach": {"avg": 51.13786625305287, "min": 5.19, "max": 100.0}, "Strawberry": {"avg": 77.16915784061757, "min": 5.51, "max": 99.94}, "Guava": {"avg": 64.8308959631305, "min": 5.06, "max": 99.9}, "Boysenberry": {"avg": 66.20682858992414, "min": 5.59, "max": 99.81}, "Kiwifruit": {"avg": 52.262447223616704, "min": 5.49, "max": 99.24}, "Banana": {"avg": 61.55048379077836, "min": 5.04, "max": 99.72}, "Melon": {"avg": 63.19137528703284, "min": 5.17, "max": 99.95}, "Blackberry": {"avg": 43.872874063980525, "min": 5.31, "max": 99.87}}